{"is_source_file": true, "format": "Kotlin", "description": "This file defines the SettingsFragment class, a UI component in an Android application dealing with user settings such as auto-connect, notifications, demo mode, and device label. It manages user interactions, updates the view model, and observes changes in settings.", "external_files": ["android.os.Bundle", "android.view.LayoutInflater", "android.view.View", "android.view.ViewGroup", "android.widget.Button", "android.widget.EditText", "android.widget.Switch", "androidx.fragment.app.Fragment", "org.example.app.R", "org.example.app.model.UserSettings", "org.example.app.ui.shared.RepoAccess", "org.example.app.ui.shared.collectWithLifecycle", "org.example.app.vm.AppViewModelFactory", "org.example.app.vm.SettingsViewModel"], "external_methods": ["RepoAccess.repo", "AppViewModelFactory.createSettingsViewModel", "Fragment.onCreateView", "Fragment.onViewCreated", "View.findViewById", "Switch.setChecked", "EditText.setText", "View.setOnClickListener", "UserSettings constructor", "SettingsViewModel.update", "collectWithLifecycle"], "published": ["SettingsFragment"], "classes": [{"name": "SettingsFragment", "description": "A fragment handling user settings UI, including switching options and saving preferences."}], "methods": [{"name": "newInstance", "description": "Creates a new instance of SettingsFragment."}], "calls": ["requireActivity", "inflater.inflate", "view.findViewById", "settingsViewModel.settings.collectWithLifecycle", "settingsViewModel.update"], "search-terms": ["SettingsFragment", "collectWithLifecycle", "UserSettings", "SettingsViewModel", "fragment_settings"], "state": 2, "file_id": 30, "knowledge_revision": 65, "git_revision": "", "revision_history": [{"62": ""}, {"65": ""}], "hash": "540f2b89a42eb8e4cf1744f923d654ba", "format-version": 4, "code-base-name": "android_frontend", "filename": "android_frontend/app/src/main/kotlin/org/example/app/ui/settings/SettingsFragment.kt"}