{"is_source_file": true, "format": "Kotlin", "description": "Defines data models related to Bluetooth devices, connection states, device status snapshots, and user settings in the application.", "external_files": [], "external_methods": [], "published": ["DeviceSummary", "ConnectionState", "DeviceStatus", "UserSettings"], "classes": [{"name": "DeviceSummary", "description": "A lightweight representation of a Bluetooth device for UI/persistence."}, {"name": "ConnectionState", "description": "Enumeration of possible connection states shown in UI."}, {"name": "DeviceStatus", "description": "Snapshot of the currently connected device and its best-effort capabilities."}, {"name": "UserSettings", "description": "Data class representing user preferences and settings stored locally."}], "methods": [], "calls": [], "search-terms": ["DeviceSummary", "ConnectionState", "DeviceStatus", "UserSettings", "Bluetooth device", "connection state", "device snapshot", "user preferences"], "state": 2, "file_id": 8, "knowledge_revision": 40, "git_revision": "", "hash": "a6477cc7da2359cfa56596a33a13ca05", "format-version": 4, "code-base-name": "android_frontend", "filename": "android_frontend/app/src/main/kotlin/org/example/app/model/Models.kt", "revision_history": [{"40": ""}]}