{"is_source_file": false, "format": "", "description": "", "external_files": [], "external_methods": [], "published": [], "classes": [], "methods": [], "calls": [], "search-terms": [], "state": 2, "file_id": 33, "knowledge_revision": 74, "git_revision": "d5160adda8dac04e16b2dd94d34b9970d8e3ee89", "hash": "ecaf29ae072beb8364fa679d353950e6", "format-version": 4, "code-base-name": "android_frontend", "filename": "android_frontend/README.md", "revision_history": [{"74": "d5160adda8dac04e16b2dd94d34b9970d8e3ee89"}]}