{"is_source_file": false, "format": "", "description": "", "external_files": [], "external_methods": [], "published": [], "classes": [], "methods": [], "calls": [], "search-terms": ["strings.xml", "Android resources", "localization", "UI string definitions", "XML resource"], "state": 2, "file_id": 7, "knowledge_revision": 39, "git_revision": "", "hash": "2cf1e0b5feec7476cdd9198abe22c912", "format-version": 4, "code-base-name": "android_frontend", "filename": "android_frontend/app/src/main/res/values/strings.xml", "revision_history": [{"39": ""}]}