{"is_source_file": true, "format": "Kotlin (Android activity source code)", "description": "MainActivity class for an Android application, managing UI navigation, ViewModel initialization, and repository setup.", "external_files": ["android.os.Bundle", "androidx.appcompat.app.AppCompatActivity", "androidx.fragment.app.commit", "com.google.android.material.bottomnavigation.BottomNavigationView", "org.example.app.bluetooth.AndroidBluetoothPlatform", "org.example.app.data.AppPreferences", "org.example.app.repo.AppRepository", "org.example.app.ui.controls.ControlsFragment", "org.example.app.ui.devices.DevicesFragment", "org.example.app.ui.settings.SettingsFragment", "org.example.app.ui.status.StatusFragment", "org.example.app.vm.AppViewModelFactory", "org.example.app.vm.DevicesViewModel", "org.example.app.vm.SettingsViewModel", "org.example.app.vm.SharedDeviceViewModel"], "external_methods": ["AppViewModelFactory.createSharedDeviceViewModel", "AppViewModelFactory.createDevicesViewModel", "AppViewModelFactory.createSettingsViewModel"], "published": ["MainActivity"], "classes": [{"name": "MainActivity", "description": "An activity managing the main UI, fragments, and ViewModels for the application."}], "methods": [{"name": "onCreate", "description": "Initializes the activity, sets up the repository and preferences, manages fragment transactions, and wires ViewModels."}, {"name": "onDestroy", "description": "Performs cleanup by shutting down the repository."}], "calls": ["AppViewModelFactory.createSharedDeviceViewModel", "AppViewModelFactory.createDevicesViewModel", "AppViewModelFactory.createSettingsViewModel", "supportFragmentManager.commit", "findViewById", "setContentView", "repository.bootstrap", "supportFragmentManager.commit", "sharedDeviceViewModel.start", "devicesViewModel.start", "settingsViewModel.start", "repository.shutdown"], "search-terms": ["MainActivity", "ViewModelFactory", "BottomNavigationView", "fragmentContainer", "AppPreferences", "AppRepository", "AndroidBluetoothPlatform", "supportFragmentManager"], "state": 2, "file_id": 4, "knowledge_revision": 20, "git_revision": "", "hash": "e37a80c68f224621ff8bd51ced060671", "format-version": 4, "code-base-name": "android_frontend", "filename": "android_frontend/app/src/main/kotlin/org/example/app/MainActivity.kt", "revision_history": [{"20": ""}]}