{"is_source_file": true, "format": "Kotlin", "description": "This file defines a singleton object 'PermissionHelper' that provides utility functions for managing Android runtime permissions related to Bluetooth scanning/connection and notifications. It includes methods to determine necessary permissions based on Android version, check if permissions are granted, and optionally provide notification permission for Android 13+.", "external_files": ["android.Manifest", "android.content.Context", "android.content.pm.PackageManager", "android.os.Build", "androidx.core.content.ContextCompat"], "external_methods": ["ContextCompat.checkSelfPermission"], "published": ["PermissionHelper"], "classes": [{"name": "PermissionHelper", "description": "A singleton object providing permission-related utility functions for Bluetooth and notifications."}], "methods": [{"name": "requiredBluetoothPermissions", "description": "Returns an array of Bluetooth-related permissions required based on Android version."}, {"name": "hasBluetoothPermissions", "description": "Checks if all required Bluetooth permissions are granted."}, {"name": "optionalNotificationPermission", "description": "Returns the notification permission string for Android 13+ if applicable."}], "calls": ["requiredBluetoothPermissions", "ContextCompat.checkSelfPermission"], "search-terms": ["PermissionHelper", "Bluetooth permissions", "Android 12 permissions", "Notification permission", "runtime permissions", "PermissionHelper Kotlin"], "state": 2, "file_id": 10, "knowledge_revision": 42, "git_revision": "", "hash": "d16ca25bf564d716bc6955e4a56bc26c", "format-version": 4, "code-base-name": "android_frontend", "filename": "android_frontend/app/src/main/kotlin/org/example/app/permissions/PermissionHelper.kt", "revision_history": [{"42": ""}]}