{"is_source_file": true, "format": "Kotlin", "description": "This file defines a utility object 'JoinUtils' with a function 'join' that concatenates elements of a LinkedList into a single string separated by spaces.", "external_files": ["org.example.list.LinkedList"], "external_methods": ["LinkedList.size", "LinkedList.get"], "published": ["JoinUtils"], "classes": [{"name": "JoinUtils", "description": "A utility singleton object providing a method to join LinkedList elements into a string."}], "methods": [{"name": "join", "description": "Concatenates elements of a LinkedList into a single space-separated string."}], "calls": ["source.size", "source.get"], "search-terms": ["JoinUtils", "join", "LinkedList", "concatenate", "utilities"], "state": 2, "file_id": 36, "knowledge_revision": 75, "git_revision": "d5160adda8dac04e16b2dd94d34b9970d8e3ee89", "hash": "d5d37075d12a0655ed99a33a4822bcca", "format-version": 4, "code-base-name": "android_frontend", "filename": "android_frontend/utilities/src/main/kotlin/org/example/utilities/JoinUtils.kt", "revision_history": [{"75": "d5160adda8dac04e16b2dd94d34b9970d8e3ee89"}]}