{"is_source_file": true, "format": "Kotlin", "description": "This file contains a legacy utility object 'MessageUtils' with a single function 'message' returning a greeting string. It is maintained to satisfy existing unit tests.", "external_files": [], "external_methods": [], "published": ["org.example.app.MessageUtils"], "classes": [{"name": "MessageUtils", "description": "An internal singleton object providing a message utility function."}], "methods": [{"name": "message", "description": "Returns a greeting string 'Hello     World!'."}], "calls": ["MessageUtils.message"], "search-terms": ["MessageUtils", "message()", "legacy utility", "unit test"], "state": 2, "file_id": 31, "knowledge_revision": 63, "git_revision": "", "hash": "48b4b42ab1d423e5f1332c5857f575b4", "format-version": 4, "code-base-name": "android_frontend", "filename": "android_frontend/app/src/main/kotlin/org/example/app/MessageUtils.kt", "revision_history": [{"63": ""}]}