{"is_source_file": true, "format": "Kotlin", "description": "This file defines a ViewModel class for managing device scan results and connection states in an Android application, utilizing Android Architecture Components and Kotlin Coroutines.", "external_files": ["org/example/app/model/DeviceSummary.kt", "org/example/app/repo/AppRepository.kt"], "external_methods": ["AppRepository.scanResults", "AppRepository.startScan", "AppRepository.stopScan", "AppRepository.connect", "AppRepository.disconnect"], "published": ["DevicesViewModel"], "classes": [{"name": "DevicesViewModel", "description": "A ViewModel managing device scan results and connection actions, exposing state flows and control methods to the UI."}], "methods": [{"name": "start", "description": "No-operation placeholder method, possibly for future extension."}, {"name": "startScan", "description": "Initiates the device scan process by delegating to the repository."}, {"name": "stopScan", "description": "Stops the ongoing device scan by delegating to the repository."}, {"name": "connect", "description": "Connects to a specific device, delegating the action to the repository."}, {"name": "disconnect", "description": "Disconnects the current device connection via the repository."}], "calls": ["repo.startScan", "repo.stopScan", "repo.connect", "repo.disconnect"], "search-terms": ["DevicesViewModel", "scanResults", "AppRepository", "DeviceSummary", "viewModelScope", "stateIn"], "state": 2, "file_id": 17, "knowledge_revision": 49, "git_revision": "", "hash": "4f5ccf7d9a6d028aa8b67e5bf414e0d0", "format-version": 4, "code-base-name": "android_frontend", "filename": "android_frontend/app/src/main/kotlin/org/example/app/vm/DevicesViewModel.kt", "revision_history": [{"49": ""}]}