{"is_source_file": true, "format": "Kotlin", "description": "This file defines the 'SplitUtils' object, which provides utility functions for splitting a string into a linked list of tokens based on spaces. It includes methods to split strings, validate tokens, and add valid tokens to the list.", "external_files": ["org/example/list/LinkedList.kt"], "external_methods": [], "published": ["org.example.utilities.SplitUtils"], "classes": [{"name": "SplitUtils", "description": "A singleton object providing string splitting utilities"}], "methods": [{"name": "split", "description": "Splits the source string into tokens separated by spaces and returns a LinkedList of tokens"}, {"name": "addIfValid", "description": "Adds the token to the list if it passes validation"}, {"name": "isTokenValid", "description": "Checks if a token is valid (non-empty)"}], "calls": ["source.indexOf", "source.substring", "list.add", "isTokenValid"], "search-terms": ["SplitUtils", "split function", "string tokenization", "LinkedList utility", "space delimiter split", "token validation"], "state": 2, "file_id": 34, "knowledge_revision": 79, "git_revision": "d5160adda8dac04e16b2dd94d34b9970d8e3ee89", "hash": "8bed59570d9b2c80ea163f8381f5ad8b", "format-version": 4, "code-base-name": "android_frontend", "filename": "android_frontend/utilities/src/main/kotlin/org/example/utilities/SplitUtils.kt", "revision_history": [{"79": "d5160adda8dac04e16b2dd94d34b9970d8e3ee89"}]}