{"is_source_file": true, "format": "Kotlin", "description": "This file defines the SharedDeviceViewModel class, which extends ViewModel and manages device status data using Kotlin coroutines and StateFlow. It interacts with an AppRepository to expose device status updates to the UI components.", "external_files": ["androidx.lifecycle.ViewModel", "androidx.lifecycle.viewModelScope", "org.example.app.model.DeviceStatus", "org.example.app.repo.AppRepository"], "external_methods": ["viewModelScope", "stateIn"], "published": ["status", "start"], "classes": [{"name": "SharedDeviceViewModel", "description": "ViewModel that provides device status updates and manages its lifecycle."}], "methods": [{"name": "start", "description": "A placeholder method for future functionality."}], "calls": ["repo.status", "stateIn"], "search-terms": ["SharedDeviceViewModel", "DeviceStatus", "viewModelScope", "stateIn", "app.repo", "connect", "Android ViewModel"], "state": 2, "file_id": 16, "knowledge_revision": 48, "git_revision": "", "hash": "9d53b8076566556d7ace8d7e3f2fc826", "format-version": 4, "code-base-name": "android_frontend", "filename": "android_frontend/app/src/main/kotlin/org/example/app/vm/SharedDeviceViewModel.kt", "revision_history": [{"48": ""}]}