{"is_source_file": false, "format": "", "description": "", "external_files": [], "external_methods": [], "published": [], "classes": [], "methods": [], "calls": [], "search-terms": [], "state": 2, "file_id": 2, "knowledge_revision": 5, "git_revision": "f49479b26b20e1ac77300128b5ecc9bfad0b2873", "hash": "836b747d13f9ed5951c42ca4f7b3ba76", "format-version": 4, "code-base-name": "android_frontend", "filename": "android_frontend/init_script.sh", "revision_history": [{"5": "f49479b26b20e1ac77300128b5ecc9bfad0b2873"}]}