{"is_source_file": true, "format": "Kotlin", "description": "This file defines a linked list data structure with standard operations such as add, remove, size, and get. It includes an internal Node class and utility functions, encapsulated within the LinkedList class.", "external_files": [], "external_methods": [], "published": ["org.example.list.LinkedList"], "classes": [{"name": "LinkedList", "description": "Implements a singly linked list with methods to add, remove by element, get size, and access elements by index."}, {"name": "LinkedList.Node", "description": "Internal class representing a node in the linked list holding string data."}], "methods": [{"name": "add", "description": "Adds a new element to the end of the linked list."}, {"name": "remove", "description": "Removes the first occurrence of the specified element from the list."}, {"name": "size", "description": "Returns the number of elements in the list."}, {"name": "get", "description": "Retrieves the element at the specified index."}, {"name": "unlink", "description": "Private helper method to detach a node from the list."}, {"name": "tail", "description": "Companion object method to find the last node in the list from the head."}], "calls": ["tail", "unlink"], "search-terms": ["LinkedList", "add", "remove", "size", "get", "Node", "singly linked list"], "state": 2, "file_id": 32, "knowledge_revision": 78, "git_revision": "d5160adda8dac04e16b2dd94d34b9970d8e3ee89", "hash": "a4ff5a071c1491fad8c1a93e5dd6a39e", "format-version": 4, "code-base-name": "android_frontend", "filename": "android_frontend/list/src/main/kotlin/org/example/list/LinkedList.kt", "revision_history": [{"78": "d5160adda8dac04e16b2dd94d34b9970d8e3ee89"}]}