{"is_source_file": true, "format": "Kotlin", "description": "This file defines a Fragment called StatusFragment for an Android application. It displays connection status, battery level, and error messages related to a connected device, leveraging ViewModels and LiveData to update the UI with live device status.", "external_files": ["org.example.app.R", "org.example.app.model.ConnectionState", "org.example.app.ui.shared.RepoAccess", "org.example.app.ui.shared.collectWithLifecycle", "org.example.app.vm.AppViewModelFactory", "org.example.app.vm.SharedDeviceViewModel"], "external_methods": ["RepoAccess.repo", "AppViewModelFactory.createSharedDeviceViewModel", "requireActivity", "view.findViewById", "getString", "collectWithLifecycle"], "published": ["StatusFragment"], "classes": [{"name": "StatusFragment", "description": "A Fragment that displays connection status, battery level, and last error message related to a device, by observing a SharedDeviceViewModel."}], "methods": [{"name": "onCreateView", "description": "Inflates the fragment's layout from XML."}, {"name": "onViewCreated", "description": "Sets up UI components and observes device status LiveData to update the UI with current connection state, device info, battery level, and error messages."}, {"name": "newInstance", "description": "Creates a new instance of StatusFragment."}], "calls": ["inflater.inflate", "view.findViewById", "sharedDeviceViewModel.status.collectWithLifecycle", "getString"], "search-terms": ["StatusFragment", "SharedDeviceViewModel", "collectWithLifecycle", "fragment_status", "ConnectionState", "status_connected_device", "status_connection_state", "status_battery_level", "status_unknown"], "state": 2, "file_id": 26, "knowledge_revision": 66, "git_revision": "", "revision_history": [{"58": ""}, {"66": ""}], "hash": "a9aba932946ce5859f42cb6bc913f501", "format-version": 4, "code-base-name": "android_frontend", "filename": "android_frontend/app/src/main/kotlin/org/example/app/ui/status/StatusFragment.kt"}