{"is_source_file": true, "format": "Kotlin", "description": "This file defines the SettingsViewModel class, which manages user settings data and interactions for the Android application. It interacts with a repository to retrieve and update user settings, and exposes state flow for observing changes.", "external_files": ["org/example/app/model/UserSettings.kt", "org/example/app/repo/AppRepository.kt"], "external_methods": ["org.example.app.repo.AppRepository.getSettings", "org.example.app.repo.AppRepository.setSettings", "org.example.app.repo.AppRepository.bootstrap"], "published": ["SettingsViewModel"], "classes": [{"name": "SettingsViewModel", "description": "A ViewModel class that handles user settings data, providing functions to start and update settings, and maintaining reactive state flows."}], "methods": [{"name": "start", "description": "Retrieves the latest user settings from the repository and updates the internal state."}, {"name": "update", "description": "Updates user settings in the repository and refreshes the internal state, also reboots the repository to apply demo mode or auto-connect changes."}], "calls": ["org.example.app.repo.AppRepository.getSettings", "org.example.app.repo.AppRepository.setSettings", "org.example.app.repo.AppRepository.bootstrap"], "search-terms": ["SettingsViewModel", "MutableStateFlow", "StateFlow", "UserSettings", "AppRepository", "android_frontend", "kotlin"], "state": 2, "file_id": 18, "knowledge_revision": 50, "git_revision": "", "hash": "2ded95f0e4278771607fbefec7fc3b42", "format-version": 4, "code-base-name": "android_frontend", "filename": "android_frontend/app/src/main/kotlin/org/example/app/vm/SettingsViewModel.kt", "revision_history": [{"50": ""}]}