{"is_source_file": true, "format": "Kotlin", "description": "This file defines a RecyclerView adapter class 'DevicesAdapter' for displaying a list of devices, with the capability to handle connection actions via a button for each device item.", "external_files": ["org/example/app/R", "org/example/app/model/DeviceSummary"], "external_methods": [], "published": ["DevicesAdapter"], "classes": [{"name": "DevicesAdapter", "description": "A RecyclerView adapter for displaying device summaries, with a click handler for connecting to devices."}, {"name": "VH", "description": "ViewHolder class for device item views, binds device data to UI elements."}], "methods": [{"name": "submit", "description": "Updates the list of DeviceSummary items and refreshes the RecyclerView."}, {"name": "onCreateViewHolder", "description": "Creates a new ViewHolder by inflating the device item layout."}, {"name": "onBindViewHolder", "description": "Binds a DeviceSummary item to a ViewHolder at a given position."}, {"name": "getItemCount", "description": "Returns the total number of items in the list."}, {"name": "bind", "description": "Binds device data to the UI elements within the ViewHolder."}], "calls": ["LayoutInflater.from", "parent.context.inflate", "itemView.findViewById", "name.text", "address.text", "type.text", "btn.setOnClickListener"], "search-terms": ["DevicesAdapter", "RecyclerView.Adapter", "DeviceSummary", "ViewHolder", "onConnect", "Android Kotlin RecyclerView"], "state": 2, "file_id": 24, "knowledge_revision": 56, "git_revision": "", "hash": "7471d42e4916f5438c294c9a428e4713", "format-version": 4, "code-base-name": "android_frontend", "filename": "android_frontend/app/src/main/kotlin/org/example/app/ui/devices/DevicesAdapter.kt", "revision_history": [{"56": ""}]}