{"is_source_file": false, "format": "", "description": "", "external_files": [], "external_methods": [], "published": [], "classes": [], "methods": [], "calls": [], "search-terms": ["menu", "bottom_nav", "android", "xml", "res", "navigation"], "state": 2, "file_id": 6, "knowledge_revision": 38, "git_revision": "", "hash": "2fb806fbb9e9fd102ecdc039d7bd247b", "format-version": 4, "code-base-name": "android_frontend", "filename": "android_frontend/app/src/main/res/menu/menu_bottom_nav.xml", "revision_history": [{"38": ""}]}