{"is_source_file": true, "format": "Kotlin", "description": "This Kotlin source file defines a demo implementation of the BluetoothPlatform interface for testing Bluetooth connection flows, device scanning, and status updates in an Android app.", "external_files": ["org/example/app/model/ConnectionState.kt", "org/example/app/model/DeviceStatus.kt", "org/example/app/model/DeviceSummary.kt"], "external_methods": ["kotlin.coroutines.CoroutineScope", "kotlinx.coroutines.CoroutineScope", "kotlinx.coroutines.Dispatchers", "kotlinx.coroutines.SupervisorJob", "kotlinx.coroutines.delay", "kotlinx.coroutines.flow.MutableStateFlow", "kotlinx.coroutines.flow.StateFlow", "kotlinx.coroutines.launch", "org.example.app.model.ConnectionState", "org.example.app.model.DeviceStatus", "org.example.app.model.DeviceSummary", "kotlin.random.Random"], "published": ["org.example.app.bluetooth.DemoBluetoothPlatform"], "classes": [{"name": "DemoBluetoothPlatform", "description": "A demo implementation of BluetoothPlatform interface that simulates Bluetooth device scanning, connecting, and status updates for testing purposes."}], "methods": [{"name": "startScan", "description": "Starts a simulated Bluetooth device scan, updates the scan results after a delay."}, {"name": "stopScan", "description": "Stops the scanning process, updating the connection state accordingly."}, {"name": "connect", "description": "Simulates connecting to a specified device, including a delay and battery level updates."}, {"name": "disconnect", "description": "Simulates disconnecting from the current device."}, {"name": "reconnectLast", "description": "Re-establishes connection to the last device if available."}, {"name": "shutdown", "description": "Placeholder for shutdown logic (no-op)."}], "calls": ["kotlin.coroutines.CoroutineScope.launch", "kotlin.coroutines.delay", "kotlin.random.Random.nextInt", "kotlin.coroutines.CoroutineScope.launch (nested)"], "search-terms": ["DemoBluetoothPlatform", "simulate Bluetooth connection", "device scan", "battery drain simulation", "kotlin coroutines Bluetooth"], "state": 2, "file_id": 13, "knowledge_revision": 45, "git_revision": "", "hash": "859b99f77aba197c242ce384f06301b0", "format-version": 4, "code-base-name": "android_frontend", "filename": "android_frontend/app/src/main/kotlin/org/example/app/bluetooth/DemoBluetoothPlatform.kt", "revision_history": [{"45": ""}]}