{"is_source_file": true, "format": "Kotlin", "description": "This file defines a singleton object AppViewModelFactory that provides factory methods to create various ViewModels associated with an Android application, specifically for Devices, SharedDevice, and Settings, using a common repository.", "external_files": ["android.content.Context", "androidx.lifecycle.ViewModel", "androidx.lifecycle.ViewModelProvider", "org.example.app.repo.AppRepository", "androidx.fragment.app.FragmentActivity"], "external_methods": ["ViewModelProvider()", "ViewModelProvider.get()"], "published": ["createDevicesViewModel", "createSharedDeviceViewModel", "createSettingsViewModel"], "classes": [{"name": "Factory", "description": "A private inner class implementing ViewModelProvider.Factory to instantiate specific ViewModel subclasses based on the class type."}], "methods": [{"name": "createDevicesViewModel", "description": "Creates and returns a DevicesViewModel instance associated with the given context."}, {"name": "createSharedDeviceViewModel", "description": "Creates and returns a SharedDeviceViewModel instance associated with the given context."}, {"name": "createSettingsViewModel", "description": "Creates and returns a SettingsViewModel instance associated with the given context."}, {"name": "create", "description": "Factory method that creates ViewModel instances based on class type, using the provided AppRepository."}], "calls": ["ViewModelProvider(context as androidx.fragment.app.FragmentActivity, Factory(repo))", "provider[DevicesViewModel::class.java]", "provider[SharedDeviceViewModel::class.java]", "provider[SettingsViewModel::class.java]", "modelClass.isAssignableFrom(...)"], "search-terms": ["AppViewModelFactory", "DevicesViewModel", "SharedDeviceViewModel", "SettingsViewModel", "ViewModelProvider.Factory", "Android ViewModel factory", "Kotlin singleton object"], "state": 2, "file_id": 15, "knowledge_revision": 47, "git_revision": "", "hash": "0e084c0c966901d2bce7eecee1c9d869", "format-version": 4, "code-base-name": "android_frontend", "filename": "android_frontend/app/src/main/kotlin/org/example/app/vm/AppViewModelFactory.kt", "revision_history": [{"47": ""}]}