{"is_source_file": true, "format": "Kotlin", "description": "This source file defines an Android Fragment named ControlsFragment used for controlling system volume and media playback via UI controls such as a SeekBar and a Button. It manages volume adjustments and sending media key events.", "external_files": ["res/layout/fragment_controls.xml", "org/example/app/R"], "external_methods": ["android.content.Context.getSystemService()", "android.media.AudioManager.getStreamMaxVolume()", "android.media.AudioManager.getStreamVolume()", "android.media.AudioManager.setStreamVolume()", "android.media.AudioManager.dispatchMediaKeyEvent()"], "published": ["ControlsFragment"], "classes": [{"name": "ControlsFragment", "description": "An Android Fragment that provides UI controls for volume adjustment and media play/pause control."}], "methods": [{"name": "onCreateView", "description": "Inflates the fragment layout."}, {"name": "onViewCreated", "description": "Initializes UI controls, sets up volume management, and defines button actions."}, {"name": "onDestroyView", "description": "Cleans up resources, nullifies the audioManager reference."}, {"name": "newInstance", "description": "Provides a new instance of ControlsFragment."}], "calls": ["android.content.Context.getSystemService", "android.media.AudioManager.getStreamMaxVolume", "android.media.AudioManager.getStreamVolume", "android.media.AudioManager.setStreamVolume", "android.media.AudioManager.dispatchMediaKeyEvent"], "search-terms": ["ControlsFragment", "volume control", "media key event", "AudioManager", "fragment_controls"], "state": 2, "file_id": 28, "knowledge_revision": 60, "git_revision": "", "hash": "b46eb234b47bc1640e290728fefc8266", "format-version": 4, "code-base-name": "android_frontend", "filename": "android_frontend/app/src/main/kotlin/org/example/app/ui/controls/ControlsFragment.kt", "revision_history": [{"60": ""}]}