{"is_source_file": true, "format": "Kotlin", "description": "Kotlin source file defining an extension function 'collectWithLifecycle' for StateFlow, providing lifecycle-aware collection of flow data within Android components.", "external_files": ["androidx.lifecycle.Lifecycle", "androidx.lifecycle.LifecycleOwner", "androidx.lifecycle.lifecycleScope", "androidx.lifecycle.repeatOnLifecycle", "kotlinx.coroutines.flow.StateFlow", "kotlinx.coroutines.launch"], "external_methods": ["owner.lifecycleScope.launch", "owner.repeatOnLifecycle", "StateFlow<T>.collect"], "published": ["collectWithLifecycle"], "classes": [], "methods": [{"name": "collectWithLifecycle", "description": "An extension function on StateFlow to collect its emissions with lifecycle awareness, ensuring collection occurs only when the LifecycleOwner is at least STARTED."}], "calls": ["owner.lifecycleScope.launch", "owner.repeatOnLifecycle", "this@collectWithLifecycle.collect"], "search-terms": ["Kotlin", "StateFlow", "lifecycle-aware collection", "collectWithLifecycle", "Android lifecycle", "coroutines", "Flow extension"], "state": 2, "file_id": 22, "knowledge_revision": 54, "git_revision": "", "hash": "d35ab30c5c9faa86ae0688721f5b11c5", "format-version": 4, "code-base-name": "android_frontend", "filename": "android_frontend/app/src/main/kotlin/org/example/app/ui/shared/FlowCollectors.kt", "revision_history": [{"54": ""}]}