{"is_source_file": true, "format": "Kotlin", "description": "This file defines a singleton object 'RepoAccess' which provides a method to access the 'AppRepository' instance within a 'MainActivity' using reflection. It encapsulates reflection logic to expose repository access without making the repository publicly available in the activity's API.", "external_files": ["org.example.app.MainActivity", "org.example.app.repo.AppRepository"], "external_methods": ["java.lang.Class.getDeclaredField", "java.lang.reflect.Field.isAccessible", "java.lang.reflect.Field.get"], "published": ["RepoAccess"], "classes": [], "methods": [{"name": "repo", "description": "Provides access to the 'AppRepository' instance from the 'MainActivity' using reflection to access a private field."}], "calls": ["activity.javaClass.getDeclaredField", "field.isAccessible = true", "field.get"], "search-terms": ["reflection", "MainActivity", "AppRepository", "RepoAccess", "private field access"], "state": 2, "file_id": 23, "knowledge_revision": 55, "git_revision": "", "hash": "47f487998d1d8dc4e825d06b987bf228", "format-version": 4, "code-base-name": "android_frontend", "filename": "android_frontend/app/src/main/kotlin/org/example/app/ui/shared/RepoAccess.kt", "revision_history": [{"55": ""}]}