{"is_source_file": true, "format": "Kotlin", "description": "This file defines the AppPreferences class responsible for managing application preferences related to user settings and last device info, using Android's SharedPreferences.", "external_files": ["android.content.Context", "android.content.SharedPreferences", "org.example.app.model.DeviceSummary", "org.example.app.model.UserSettings"], "external_methods": ["SharedPreferences.getBoolean", "SharedPreferences.getString", "SharedPreferences.edit", "SharedPreferences.Editor.putBoolean", "SharedPreferences.Editor.putString", "SharedPreferences.Editor.remove", "SharedPreferences.Editor.apply"], "published": ["AppPreferences"], "classes": [{"name": "AppPreferences", "description": "Class managing app's shared preferences for user settings and last known device information."}], "methods": [{"name": "getSettings", "description": "Retrieves user settings from preferences and returns a UserSettings object."}, {"name": "setSettings", "description": "Saves the provided UserSettings object to preferences."}, {"name": "getLastDevice", "description": "Returns the last connected device as DeviceSummary, if available."}, {"name": "setLastDevice", "description": "Stores or clears the last device information in preferences."}], "calls": ["context.getSharedPreferences", "prefs.getBoolean", "prefs.getString", "prefs.edit", "editor.putBoolean", "editor.putString", "editor.remove", "editor.apply"], "search-terms": ["AppPreferences", "SharedPreferences", "UserSettings", "DeviceSummary", "preferences", "app storage", "last device", "auto connect"], "state": 2, "file_id": 9, "knowledge_revision": 41, "git_revision": "", "hash": "38d6a0a3a584004724b2875c1544c3df", "format-version": 4, "code-base-name": "android_frontend", "filename": "android_frontend/app/src/main/kotlin/org/example/app/data/AppPreferences.kt", "revision_history": [{"41": ""}]}