{"is_source_file": true, "format": "Kotlin", "description": "This file defines a singleton object 'StringUtils' providing utility functions to join and split strings using a linked list, leveraging external utility objects 'JoinUtils' and 'SplitUtils'.", "external_files": ["org.example.list.LinkedList", "JoinUtils", "SplitUtils"], "external_methods": ["JoinUtils.join", "SplitUtils.split"], "published": ["StringUtils"], "classes": [], "methods": [{"name": "join", "description": "Concatenates elements of a LinkedList into a String using JoinUtils."}, {"name": "split", "description": "Splits a String into a LinkedList using SplitUtils."}], "calls": ["JoinUtils.join(source)", "SplitUtils.split(source)"], "search-terms": ["StringUtils", "join", "split", "LinkedList", "utilities", "Kotlin"], "state": 2, "file_id": 35, "knowledge_revision": 76, "git_revision": "d5160adda8dac04e16b2dd94d34b9970d8e3ee89", "hash": "d2e8b8a7116450b7d3a3224fee8ed988", "format-version": 4, "code-base-name": "android_frontend", "filename": "android_frontend/utilities/src/main/kotlin/org/example/utilities/StringUtils.kt", "revision_history": [{"76": "d5160adda8dac04e16b2dd94d34b9970d8e3ee89"}]}