{"is_source_file": true, "format": "Kotlin", "description": "This file defines an interface 'BluetoothPlatform' that abstracts Bluetooth operations for an Android application. It includes properties for device status and scan results, and functions for managing Bluetooth device scanning and connections.", "external_files": ["kotlinx.coroutines.flow.StateFlow", "org.example.app.model.DeviceStatus", "org.example.app.model.DeviceSummary"], "external_methods": [], "published": ["BluetoothPlatform"], "classes": [{"name": "BluetoothPlatform", "description": "An interface providing Bluetooth operation methods for platform-specific implementations."}], "methods": [{"name": "startScan", "description": "Starts scanning for Bluetooth devices."}, {"name": "stopScan", "description": "Stops the ongoing Bluetooth device scan."}, {"name": "connect", "description": "Connects to a specified Bluetooth device."}, {"name": "disconnect", "description": "Disconnects from the current Bluetooth device."}, {"name": "reconnectLast", "description": "Reconnects to the last connected device, if available."}, {"name": "shutdown", "description": "Shuts down Bluetooth operations and releases resources."}], "calls": [], "search-terms": ["BluetoothPlatform", "DeviceStatus", "DeviceSummary", "Kotlin interface", "Android Bluetooth API", "coroutines", "StateFlow"], "state": 2, "file_id": 11, "knowledge_revision": 43, "git_revision": "", "hash": "c576c64a8e13d0116776cb5eed26bde4", "format-version": 4, "code-base-name": "android_frontend", "filename": "android_frontend/app/src/main/kotlin/org/example/app/bluetooth/BluetoothPlatform.kt", "revision_history": [{"43": ""}]}